PROVINCIA;MUNICIPIO;ESTACION;MAGNITUD;PUNTO_MUESTREO;ANO;MES;DIA;H01;V01;H02;V02;H03;V03;H04;V04;H05;V05;H06;V06;H07;V07;H08;V08;H09;V09;H10;V10;H11;V11;H12;V12;H13;V13;H14;V14;H15;V15;H16;V16;H17;V17;H18;V18;H19;V19;H20;V20;H21;V21;H22;V22;H23;V23;H24;V24
28;079;4;1;28079004_1_38;2024;12;05;3;V;2;V;2;V;2;V;1;V;1;V;1;V;2;V;3;V;4;V;4;V;5;V;0;N;0;N;0;N;0;N;0;N;0;N;0;N;0;N;0;N;0;N;0;N;0;N
28;079;4;6;28079004_6_48;2024;12;05;0.6;V;0.5;V;0.4;V;0.3;V;0.3;V;0.3;V;0.3;V;0.4;V;0.6;V;0.7;V;0.6;V;0.7;V;0;N;0;N;0;N;0;N;0;N;0;N;0;N;0;N;0;N;0;N;0;N;0;N
28;079;4;7;28079004_7_8;2024;12;05;68;V;37;V;19;V;11;V;10;V;5;V;6;V;46;V;54;V;103;V;73;V;88;V;0;N;0;N;0;N;0;N;0;N;0;N;0;N;0;N;0;N;0;N;0;N;0;N
28;079;4;8;28079004_8_8;2024;12;05;64;V;49;V;57;V;58;V;37;V;38;V;38;V;53;V;58;V;64;V;62;V;82;V;0;N;0;N;0;N;0;N;0;N;0;N;0;N;0;N;0;N;0;N;0;N;0;N
28;079;4;12;28079004_12_8;2024;12;05;168;V;106;V;85;V;76;V;52;V;45;V;46;V;123;V;140;V;222;V;173;V;217;V;0;N;0;N;0;N;0;N;0;N;0;N;0;N;0;N;0;N;0;N;0;N;0;N
28;079;8;6;28079008_6_48;2024;12;05;0.8;V;0.8;V;0.4;V;0.3;V;0.3;V;0.3;V;0.3;V;0.3;V;1;V;1;V;0.7;V;0.6;V;0;N;0;N;0;N;0;N;0;N;0;N;0;N;0;N;0;N;0;N;0;N;0;N
28;079;8;7;28079008_7_8;2024;12;05;96;V;89;V;27;V;12;V;3;V;3;V;4;V;18;V;56;V;114;V;80;V;72;V;0;N;0;N;0;N;0;N;0;N;0;N;0;N;0;N;0;N;0;N;0;N;0;N
28;079;8;8;28079008_8_8;2024;12;05;86;V;75;V;68;V;57;V;41;V;37;V;40;V;54;V;66;V;72;V;70;V;67;V;0;N;0;N;0;N;0;N;0;N;0;N;0;N;0;N;0;N;0;N;0;N;0;N
28;079;8;9;28079008_9_47;2024;12;05;11;V;19;V;19;V;12;V;8;V;1;V;3;V;3;V;6;V;16;V;15;V;13;V;0;N;0;N;0;N;0;N;0;N;0;N;0;N;0;N;0;N;0;N;0;N;0;N
28;079;8;10;28079008_10_47;2024;12;05;16;V;36;V;37;V;19;V;12;V;7;V;8;V;6;V;11;V;51;V;40;V;27;V;0;N;0;N;0;N;0;N;0;N;0;N;0;N;0;N;0;N;0;N;0;N;0;N
28;079;8;12;28079008_12_8;2024;12;05;233;V;211;V;110;V;76;V;45;V;42;V;46;V;81;V;151;V;247;V;193;V;177;V;0;N;0;N;0;N;0;N;0;N;0;N;0;N;0;N;0;N;0;N;0;N;0;N
28;079;8;14;28079008_14_6;2024;12;05;2;V;2;V;2;V;3;V;11;V;12;V;15;V;8;V;2;V;3;V;8;V;12;V;0;N;0;N;0;N;0;N;0;N;0;N;0;N;0;N;0;N;0;N;0;N;0;N
28;079;8;20;28079008_20_59;2024;12;05;11.6;V;11.9;V;10.3;V;5.9;V;4.7;V;3.2;V;3.3;V;3.1;V;6.3;V;23.4;V;13.6;V;9;V;0;N;0;N;0;N;0;N;0;N;0;N;0;N;0;N;0;N;0;N;0;N;0;N
28;079;8;30;28079008_30_59;2024;12;05;2.4;V;2.4;V;1.9;V;1.7;V;1.2;V;1.3;V;1.2;V;1.2;V;1.8;V;4.2;V;3.3;V;2.6;V;0;N;0;N;0;N;0;N;0;N;0;N;0;N;0;N;0;N;0;N;0;N;0;N
28;079;8;35;28079008_35_59;2024;12;05;3;V;3.4;V;3;V;1.5;V;1.1;V;0.7;V;0.7;V;0.6;V;1.3;V;5.4;V;3.1;V;2;V;0;N;0;N;0;N;0;N;0;N;0;N;0;N;0;N;0;N;0;N;0;N;0;N
28;079;11;7;28079011_7_8;2024;12;05;21;V;35;V;21;V;5;V;1;V;1;V;1;V;3;V;53;V;93;V;58;V;46;V;0;N;0;N;0;N;0;N;0;N;0;N;0;N;0;N;0;N;0;N;0;N;0;N
28;079;11;8;28079011_8_8;2024;12;05;73;V;72;V;68;V;46;V;26;V;31;V;29;V;40;V;72;V;76;V;67;V;64;V;0;N;0;N;0;N;0;N;0;N;0;N;0;N;0;N;0;N;0;N;0;N;0;N
28;079;11;12;28079011_12_8;2024;12;05;106;V;125;V;100;V;55;V;27;V;33;V;31;V;46;V;153;V;218;V;155;V;134;V;0;N;0;N;0;N;0;N;0;N;0;N;0;N;0;N;0;N;0;N;0;N;0;N
28;079;11;20;28079011_20_59;2024;12;05;6.8;V;7.2;V;10.7;V;3.8;V;1.7;V;1.4;V;1.7;V;1.3;V;2.3;V;9.3;V;7.3;V;5.6;V;0;N;0;N;0;N;0;N;0;N;0;N;0;N;0;N;0;N;0;N;0;N;0;N
28;079;11;30;28079011_30_59;2024;12;05;1.1;V;1.1;V;0.9;V;0.6;V;0.3;V;0.3;V;0.3;V;0.3;V;0.6;V;1.8;V;1.5;V;0.9;V;0;N;0;N;0;N;0;N;0;N;0;N;0;N;0;N;0;N;0;N;0;N;0;N
28;079;11;35;28079011_35_59;2024;12;05;1.1;V;1.1;V;1.4;V;0.7;V;0.2;V;0.1;V;0.2;V;0.1;V;0.3;V;1.3;V;1.2;V;0.7;V;0;N;0;N;0;N;0;N;0;N;0;N;0;N;0;N;0;N;0;N;0;N;0;N
28;079;16;7;28079016_7_8;2024;12;05;66;V;49;V;38;V;19;V;1;V;1;V;3;V;31;V;38;V;56;V;19;V;22;V;0;N;0;N;0;N;0;N;0;N;0;N;0;N;0;N;0;N;0;N;0;N;0;N
28;079;16;8;28079016_8_8;2024;12;05;51;V;48;V;44;V;36;V;19;V;21;V;29;V;41;V;42;V;41;V;33;V;33;V;0;N;0;N;0;N;0;N;0;N;0;N;0;N;0;N;0;N;0;N;0;N;0;N
28;079;16;12;28079016_12_8;2024;12;05;152;V;122;V;103;V;65;V;21;V;22;V;34;V;88;V;101;V;128;V;63;V;67;V;0;N;0;N;0;N;0;N;0;N;0;N;0;N;0;N;0;N;0;N;0;N;0;N
28;079;16;14;28079016_14_6;2024;12;05;1;V;1;V;1;V;1;V;17;V;17;V;8;V;1;V;1;V;4;V;12;V;18;V;0;N;0;N;0;N;0;N;0;N;0;N;0;N;0;N;0;N;0;N;0;N;0;N
28;079;17;7;28079017_7_8;2024;12;05;85;V;71;V;35;V;27;V;30;V;38;V;46;V;65;V;116;V;167;N;72;N;49;V;0;N;0;N;0;N;0;N;0;N;0;N;0;N;0;N;0;N;0;N;0;N;0;N
28;079;17;8;28079017_8_8;2024;12;05;61;V;58;V;61;V;54;V;51;V;50;V;52;V;56;V;61;V;73;N;70;N;56;V;0;N;0;N;0;N;0;N;0;N;0;N;0;N;0;N;0;N;0;N;0;N;0;N
28;079;17;12;28079017_12_8;2024;12;05;191;V;167;V;116;V;95;V;97;V;108;V;123;V;156;V;238;V;329;N;181;N;132;V;0;N;0;N;0;N;0;N;0;N;0;N;0;N;0;N;0;N;0;N;0;N;0;N
28;079;17;14;28079017_14_6;2024;12;05;8;V;8;V;9;V;9;V;9;V;9;V;9;V;8;V;9;V;8;V;3;N;10;V;0;N;0;N;0;N;0;N;0;N;0;N;0;N;0;N;0;N;0;N;0;N;0;N
28;079;18;7;28079018_7_8;2024;12;05;63;V;24;V;13;V;34;V;25;V;14;V;4;V;31;V;85;V;59;V;53;V;90;V;0;N;0;N;0;N;0;N;0;N;0;N;0;N;0;N;0;N;0;N;0;N;0;N
28;079;18;8;28079018_8_8;2024;12;05;62;V;49;V;45;V;60;V;48;V;45;V;39;V;55;V;61;V;48;V;54;V;74;V;0;N;0;N;0;N;0;N;0;N;0;N;0;N;0;N;0;N;0;N;0;N;0;N
28;079;18;10;28079018_10_47;2024;12;05;24;V;18;V;15;V;13;V;20;V;20;V;13;V;19;V;26;V;36;V;28;V;45;V;0;N;0;N;0;N;0;N;0;N;0;N;0;N;0;N;0;N;0;N;0;N;0;N
28;079;18;12;28079018_12_8;2024;12;05;159;V;87;V;65;V;111;V;86;V;66;V;46;V;103;V;192;V;138;V;135;V;211;V;0;N;0;N;0;N;0;N;0;N;0;N;0;N;0;N;0;N;0;N;0;N;0;N
28;079;18;14;28079018_14_6;2024;12;05;2;V;2;V;4;V;2;V;2;V;3;V;5;V;2;V;2;V;4;V;8;V;9;V;0;N;0;N;0;N;0;N;0;N;0;N;0;N;0;N;0;N;0;N;0;N;0;N
28;079;18;20;28079018_20_59;2024;12;05;4.7;V;4.6;V;2.4;V;2.4;V;3.1;V;2.8;V;2.2;V;2.1;V;3.9;V;5.2;V;3.6;V;5;V;0;N;0;N;0;N;0;N;0;N;0;N;0;N;0;N;0;N;0;N;0;N;0;N
28;079;18;30;28079018_30_59;2024;12;05;1.3;V;1.1;V;0.7;V;0.6;V;0.7;V;0.7;V;0.5;V;0.5;V;0.9;V;1.1;V;0.9;V;1.2;V;0;N;0;N;0;N;0;N;0;N;0;N;0;N;0;N;0;N;0;N;0;N;0;N
28;079;18;35;28079018_35_59;2024;12;05;0.1;V;0.4;V;0.2;V;0.1;V;0.3;V;0.2;V;0.2;V;0.1;V;0.1;V;0.1;V;0.2;V;0.1;V;0;N;0;N;0;N;0;N;0;N;0;N;0;N;0;N;0;N;0;N;0;N;0;N
28;079;24;7;28079024_7_8;2024;12;05;6;V;10;V;5;V;24;V;17;V;5;V;1;V;2;V;12;V;27;V;20;V;57;V;0;N;0;N;0;N;0;N;0;N;0;N;0;N;0;N;0;N;0;N;0;N;0;N
28;079;24;8;28079024_8_8;2024;12;05;49;V;36;V;29;V;50;V;39;V;30;V;25;V;28;V;41;V;30;V;29;V;56;V;0;N;0;N;0;N;0;N;0;N;0;N;0;N;0;N;0;N;0;N;0;N;0;N
28;079;24;9;28079024_9_47;2024;12;05;5;V;11;V;5;V;7;V;8;V;10;V;7;V;10;V;10;V;6;V;2;V;7;V;0;N;0;N;0;N;0;N;0;N;0;N;0;N;0;N;0;N;0;N;0;N;0;N
28;079;24;10;28079024_10_47;2024;12;05;9;V;17;V;9;V;12;V;14;V;15;V;10;V;13;V;14;V;12;V;7;V;17;V;0;N;0;N;0;N;0;N;0;N;0;N;0;N;0;N;0;N;0;N;0;N;0;N
28;079;24;12;28079024_12_8;2024;12;05;58;V;52;V;37;V;87;V;66;V;38;V;27;V;31;V;60;V;71;V;59;V;143;V;0;N;0;N;0;N;0;N;0;N;0;N;0;N;0;N;0;N;0;N;0;N;0;N
28;079;24;14;28079024_14_6;2024;12;05;6;V;3;V;5;V;2;V;2;V;9;V;12;V;10;V;5;V;8;V;17;V;16;V;0;N;0;N;0;N;0;N;0;N;0;N;0;N;0;N;0;N;0;N;0;N;0;N
28;079;27;7;28079027_7_8;2024;12;05;66;V;49;V;33;V;1;V;2;V;6;V;28;V;42;V;45;V;64;V;49;V;34;V;0;N;0;N;0;N;0;N;0;N;0;N;0;N;0;N;0;N;0;N;0;N;0;N
28;079;27;8;28079027_8_8;2024;12;05;69;V;54;V;42;V;26;V;32;V;39;V;46;V;55;V;51;V;57;V;62;V;54;V;0;N;0;N;0;N;0;N;0;N;0;N;0;N;0;N;0;N;0;N;0;N;0;N
28;079;27;12;28079027_12_8;2024;12;05;171;V;129;V;93;V;28;V;36;V;48;V;89;V;119;V;119;V;156;V;137;V;107;V;0;N;0;N;0;N;0;N;0;N;0;N;0;N;0;N;0;N;0;N;0;N;0;N
28;079;27;14;28079027_14_6;2024;12;05;1;V;1;V;3;V;14;V;9;V;3;V;4;V;1;V;1;V;4;V;8;V;16;V;0;N;0;N;0;N;0;N;0;N;0;N;0;N;0;N;0;N;0;N;0;N;0;N
28;079;35;1;28079035_1_38;2024;12;05;5;V;4;V;4;V;4;V;4;V;4;V;4;V;5;V;5;V;5;V;5;V;5;V;0;N;0;N;0;N;0;N;0;N;0;N;0;N;0;N;0;N;0;N;0;N;0;N
28;079;35;6;28079035_6_48;2024;12;05;0.8;V;0.7;V;0.5;V;0.4;V;0.4;V;0.4;V;0.4;V;0.4;V;0.6;V;0.7;V;0.8;V;0.7;V;0;N;0;N;0;N;0;N;0;N;0;N;0;N;0;N;0;N;0;N;0;N;0;N
28;079;35;7;28079035_7_8;2024;12;05;85;V;44;V;34;V;10;V;8;V;4;V;11;V;9;V;81;V;95;V;84;V;89;V;0;N;0;N;0;N;0;N;0;N;0;N;0;N;0;N;0;N;0;N;0;N;0;N
28;079;35;8;28079035_8_8;2024;12;05;76;V;62;V;62;V;58;V;44;V;40;V;40;V;51;V;63;V;63;V;66;V;76;V;0;N;0;N;0;N;0;N;0;N;0;N;0;N;0;N;0;N;0;N;0;N;0;N
28;079;35;12;28079035_12_8;2024;12;05;207;V;129;V;114;V;74;V;56;V;47;V;56;V;65;V;187;V;209;V;194;V;212;V;0;N;0;N;0;N;0;N;0;N;0;N;0;N;0;N;0;N;0;N;0;N;0;N
28;079;35;14;28079035_14_6;2024;12;05;1;V;1;V;1;V;3;V;4;V;6;V;15;V;9;V;1;V;2;V;5;V;9;V;0;N;0;N;0;N;0;N;0;N;0;N;0;N;0;N;0;N;0;N;0;N;0;N
28;079;36;1;28079036_1_38;2024;12;05;3;V;3;V;3;V;3;V;2;V;2;V;2;V;2;V;3;V;3;V;3;V;3;V;0;N;0;N;0;N;0;N;0;N;0;N;0;N;0;N;0;N;0;N;0;N;0;N
28;079;36;7;28079036_7_8;2024;12;05;88;V;86;V;30;V;19;V;3;V;1;V;3;V;31;V;94;V;96;V;43;V;31;V;0;N;0;N;0;N;0;N;0;N;0;N;0;N;0;N;0;N;0;N;0;N;0;N
28;079;36;8;28079036_8_8;2024;12;05;81;V;73;V;61;V;51;V;45;V;30;V;35;V;54;V;64;V;65;V;54;V;47;V;0;N;0;N;0;N;0;N;0;N;0;N;0;N;0;N;0;N;0;N;0;N;0;N
28;079;36;10;28079036_10_47;2024;12;05;34;V;35;V;26;V;19;V;14;V;16;V;10;V;14;V;23;V;36;V;31;V;22;V;0;N;0;N;0;N;0;N;0;N;0;N;0;N;0;N;0;N;0;N;0;N;0;N
28;079;36;12;28079036_12_8;2024;12;05;215;V;205;V;106;V;80;V;49;V;31;V;40;V;102;V;209;V;212;V;120;V;94;V;0;N;0;N;0;N;0;N;0;N;0;N;0;N;0;N;0;N;0;N;0;N;0;N
28;079;38;7;28079038_7_8;2024;12;05;24;V;15;V;15;V;7;V;1;V;3;V;4;V;17;V;77;V;46;V;74;V;100;V;0;N;0;N;0;N;0;N;0;N;0;N;0;N;0;N;0;N;0;N;0;N;0;N
28;079;38;8;28079038_8_8;2024;12;05;67;V;61;V;66;V;50;V;36;V;35;V;30;V;44;V;60;V;51;V;59;V;71;V;0;N;0;N;0;N;0;N;0;N;0;N;0;N;0;N;0;N;0;N;0;N;0;N
28;079;38;9;28079038_9_47;2024;12;05;12;V;9;V;8;V;6;V;5;V;6;V;8;V;6;V;11;V;13;V;13;V;20;V;0;N;0;N;0;N;0;N;0;N;0;N;0;N;0;N;0;N;0;N;0;N;0;N
28;079;38;10;28079038_10_47;2024;12;05;19;V;15;V;10;V;12;V;10;V;14;V;13;V;9;V;19;V;24;V;26;V;36;V;0;N;0;N;0;N;0;N;0;N;0;N;0;N;0;N;0;N;0;N;0;N;0;N
28;079;38;12;28079038_12_8;2024;12;05;104;V;84;V;89;V;61;V;37;V;39;V;36;V;70;V;178;V;121;V;173;V;224;V;0;N;0;N;0;N;0;N;0;N;0;N;0;N;0;N;0;N;0;N;0;N;0;N
28;079;38;20;28079038_20_59;2024;12;05;10.7;V;6.7;V;7.7;V;5.6;V;3.8;V;2.9;V;3.5;V;3.3;V;7.1;V;8.3;V;11.2;V;14.1;V;0;N;0;N;0;N;0;N;0;N;0;N;0;N;0;N;0;N;0;N;0;N;0;N
28;079;38;30;28079038_30_59;2024;12;05;1.5;V;0.9;V;1;V;0.7;V;0.5;V;0.4;V;0.5;V;0.6;V;1.4;V;1.4;V;1.5;V;2;V;0;N;0;N;0;N;0;N;0;N;0;N;0;N;0;N;0;N;0;N;0;N;0;N
28;079;38;35;28079038_35_59;2024;12;05;1.5;V;0.9;V;1;V;1;V;0.6;V;0.4;V;0.5;V;0.5;V;1.1;V;1.3;V;1.7;V;2.2;V;0;N;0;N;0;N;0;N;0;N;0;N;0;N;0;N;0;N;0;N;0;N;0;N
28;079;39;7;28079039_7_8;2024;12;05;26;V;22;V;6;V;2;V;1;V;2;V;1;V;6;V;75;V;87;V;73;V;85;V;0;N;0;N;0;N;0;N;0;N;0;N;0;N;0;N;0;N;0;N;0;N;0;N
28;079;39;8;28079039_8_8;2024;12;05;51;V;50;V;53;V;48;V;29;V;31;V;28;V;43;V;59;V;62;V;65;V;67;V;0;N;0;N;0;N;0;N;0;N;0;N;0;N;0;N;0;N;0;N;0;N;0;N
28;079;39;12;28079039_12_8;2024;12;05;91;V;84;V;63;V;51;V;31;V;34;V;30;V;53;V;175;V;195;V;176;V;197;V;0;N;0;N;0;N;0;N;0;N;0;N;0;N;0;N;0;N;0;N;0;N;0;N
28;079;39;14;28079039_14_6;2024;12;05;8;V;1;V;9;V;8;V;20;V;15;V;22;V;13;V;1;V;3;V;5;V;8;V;0;N;0;N;0;N;0;N;0;N;0;N;0;N;0;N;0;N;0;N;0;N;0;N
28;079;40;7;28079040_7_8;2024;12;05;142;V;143;V;40;V;7;V;4;V;4;V;4;V;26;V;58;V;90;V;59;V;41;V;0;N;0;N;0;N;0;N;0;N;0;N;0;N;0;N;0;N;0;N;0;N;0;N
28;079;40;8;28079040_8_8;2024;12;05;99;V;91;V;67;V;53;V;52;V;50;V;46;V;65;V;75;V;76;V;67;V;61;V;0;N;0;N;0;N;0;N;0;N;0;N;0;N;0;N;0;N;0;N;0;N;0;N
28;079;40;10;28079040_10_47;2024;12;05;44;V;50;V;36;V;25;V;15;V;18;V;18;V;22;V;20;V;36;V;28;V;35;V;0;N;0;N;0;N;0;N;0;N;0;N;0;N;0;N;0;N;0;N;0;N;0;N
28;079;40;12;28079040_12_8;2024;12;05;316;V;310;V;128;V;64;V;58;V;56;V;53;V;105;V;163;V;215;V;157;V;124;V;0;N;0;N;0;N;0;N;0;N;0;N;0;N;0;N;0;N;0;N;0;N;0;N
28;079;47;7;28079047_7_8;2024;12;05;133;V;74;V;43;V;11;V;7;V;4;V;2;V;34;V;95;V;107;V;88;V;69;V;0;N;0;N;0;N;0;N;0;N;0;N;0;N;0;N;0;N;0;N;0;N;0;N
28;079;47;8;28079047_8_8;2024;12;05;80;V;57;V;57;V;51;V;46;V;37;V;36;V;52;V;56;V;59;V;64;V;58;V;0;N;0;N;0;N;0;N;0;N;0;N;0;N;0;N;0;N;0;N;0;N;0;N
28;079;47;9;28079047_9_47;2024;12;05;16;V;16;V;11;V;11;V;8;V;7;V;11;V;10;V;7;V;13;V;16;V;17;V;0;N;0;N;0;N;0;N;0;N;0;N;0;N;0;N;0;N;0;N;0;N;0;N
28;079;47;10;28079047_10_47;2024;12;05;24;V;24;V;15;V;16;V;12;V;11;V;16;V;14;V;15;V;24;V;28;V;31;V;0;N;0;N;0;N;0;N;0;N;0;N;0;N;0;N;0;N;0;N;0;N;0;N
28;079;47;12;28079047_12_8;2024;12;05;285;V;171;V;122;V;68;V;57;V;42;V;39;V;104;V;201;V;222;V;199;V;165;V;0;N;0;N;0;N;0;N;0;N;0;N;0;N;0;N;0;N;0;N;0;N;0;N
28;079;48;7;28079048_7_8;2024;12;05;30;V;29;V;21;V;9;V;1;V;1;V;1;V;4;V;43;V;54;V;72;V;58;V;0;N;0;N;0;N;0;N;0;N;0;N;0;N;0;N;0;N;0;N;0;N;0;N
28;079;48;8;28079048_8_8;2024;12;05;66;V;62;V;60;V;48;V;23;V;29;V;27;V;38;V;61;V;51;V;61;V;57;V;0;N;0;N;0;N;0;N;0;N;0;N;0;N;0;N;0;N;0;N;0;N;0;N
28;079;48;9;28079048_9_47;2024;12;05;7;V;12;V;11;V;12;V;9;V;4;V;4;V;4;V;4;V;6;V;13;V;14;V;0;N;0;N;0;N;0;N;0;N;0;N;0;N;0;N;0;N;0;N;0;N;0;N
28;079;48;10;28079048_10_47;2024;12;05;16;V;23;V;21;V;23;V;19;V;12;V;13;V;11;V;11;V;19;V;30;V;34;V;0;N;0;N;0;N;0;N;0;N;0;N;0;N;0;N;0;N;0;N;0;N;0;N
28;079;48;12;28079048_12_8;2024;12;05;111;V;106;V;92;V;62;V;25;V;30;V;28;V;43;V;126;V;134;V;172;V;145;V;0;N;0;N;0;N;0;N;0;N;0;N;0;N;0;N;0;N;0;N;0;N;0;N
28;079;49;7;28079049_7_8;2024;12;05;85;V;90;V;35;V;12;V;5;V;1;V;1;V;2;V;12;V;66;V;70;V;61;V;0;N;0;N;0;N;0;N;0;N;0;N;0;N;0;N;0;N;0;N;0;N;0;N
28;079;49;8;28079049_8_8;2024;12;05;61;V;63;V;61;V;53;V;44;V;37;V;30;V;29;V;42;V;49;V;63;V;68;V;0;N;0;N;0;N;0;N;0;N;0;N;0;N;0;N;0;N;0;N;0;N;0;N
28;079;49;12;28079049_12_8;2024;12;05;192;V;200;V;116;V;71;V;51;V;39;V;32;V;33;V;61;V;150;V;170;V;162;V;0;N;0;N;0;N;0;N;0;N;0;N;0;N;0;N;0;N;0;N;0;N;0;N
28;079;49;14;28079049_14_6;2024;12;05;2;V;2;V;2;V;3;V;3;V;4;V;17;V;11;V;3;V;3;V;4;V;6;V;0;N;0;N;0;N;0;N;0;N;0;N;0;N;0;N;0;N;0;N;0;N;0;N
28;079;50;7;28079050_7_8;2024;12;05;4;V;12;V;15;V;2;V;1;V;2;V;1;V;2;V;37;V;64;V;66;V;51;V;0;N;0;N;0;N;0;N;0;N;0;N;0;N;0;N;0;N;0;N;0;N;0;N
28;079;50;8;28079050_8_8;2024;12;05;42;V;52;V;55;V;34;V;17;V;24;V;22;V;33;V;52;V;50;V;53;V;49;V;0;N;0;N;0;N;0;N;0;N;0;N;0;N;0;N;0;N;0;N;0;N;0;N
28;079;50;9;28079050_9_47;2024;12;05;12;V;15;V;13;V;4;V;4;V;1;V;6;V;8;V;7;V;12;V;10;V;15;V;0;N;0;N;0;N;0;N;0;N;0;N;0;N;0;N;0;N;0;N;0;N;0;N
28;079;50;10;28079050_10_47;2024;12;05;33;V;36;V;33;V;11;V;9;V;7;V;8;V;14;V;10;V;25;V;30;V;39;V;0;N;0;N;0;N;0;N;0;N;0;N;0;N;0;N;0;N;0;N;0;N;0;N
28;079;50;12;28079050_12_8;2024;12;05;48;V;71;V;77;V;38;V;18;V;27;V;23;V;36;V;109;V;149;V;154;V;127;V;0;N;0;N;0;N;0;N;0;N;0;N;0;N;0;N;0;N;0;N;0;N;0;N
28;079;54;7;28079054_7_8;2024;12;05;105;V;68;V;43;V;6;V;4;V;5;V;11;V;48;V;123;V;72;V;59;V;65;V;0;N;0;N;0;N;0;N;0;N;0;N;0;N;0;N;0;N;0;N;0;N;0;N
28;079;54;8;28079054_8_8;2024;12;05;78;V;70;V;58;V;48;V;46;V;45;V;48;V;60;V;69;V;57;V;54;V;54;V;0;N;0;N;0;N;0;N;0;N;0;N;0;N;0;N;0;N;0;N;0;N;0;N
28;079;54;12;28079054_12_8;2024;12;05;240;V;174;V;124;V;58;V;52;V;52;V;65;V;134;V;257;V;168;V;145;V;154;V;0;N;0;N;0;N;0;N;0;N;0;N;0;N;0;N;0;N;0;N;0;N;0;N
28;079;54;14;28079054_14_6;2024;12;05;1;V;1;V;1;V;2;V;2;V;3;V;6;V;1;V;1;V;5;V;9;V;12;V;0;N;0;N;0;N;0;N;0;N;0;N;0;N;0;N;0;N;0;N;0;N;0;N
28;079;55;7;28079055_7_8;2024;12;05;37;V;32;V;12;V;2;V;1;V;3;V;17;V;34;V;42;V;35;V;30;V;25;V;0;N;0;N;0;N;0;N;0;N;0;N;0;N;0;N;0;N;0;N;0;N;0;N
28;079;55;8;28079055_8_8;2024;12;05;41;V;33;V;22;V;14;V;14;V;21;V;30;V;34;V;29;V;33;V;40;V;30;V;0;N;0;N;0;N;0;N;0;N;0;N;0;N;0;N;0;N;0;N;0;N;0;N
28;079;55;10;28079055_10_47;2024;12;05;23;V;23;V;19;V;15;V;8;V;6;V;9;V;9;V;9;V;14;V;14;V;14;V;0;N;0;N;0;N;0;N;0;N;0;N;0;N;0;N;0;N;0;N;0;N;0;N
28;079;55;12;28079055_12_8;2024;12;05;99;V;82;V;39;V;16;V;15;V;25;V;57;V;86;V;94;V;87;V;86;V;68;V;0;N;0;N;0;N;0;N;0;N;0;N;0;N;0;N;0;N;0;N;0;N;0;N
28;079;55;20;28079055_20_59;2024;12;05;8.2;V;8.7;V;4.7;V;3.2;V;1.3;V;2.2;V;2.1;V;1.5;V;3.2;V;3.8;V;7.1;V;3.1;V;0;N;0;N;0;N;0;N;0;N;0;N;0;N;0;N;0;N;0;N;0;N;0;N
28;079;55;30;28079055_30_59;2024;12;05;1.7;V;1.9;V;1.5;V;1;V;0.6;V;0.7;V;0.7;V;1;V;1.3;V;1.4;V;1.6;V;1.1;V;0;N;0;N;0;N;0;N;0;N;0;N;0;N;0;N;0;N;0;N;0;N;0;N
28;079;55;35;28079055_35_59;2024;12;05;1.9;V;1.9;V;0.8;V;0.7;V;0.3;V;0.4;V;0.3;V;0.2;V;0.5;V;0.4;V;0.7;V;0.5;V;0;N;0;N;0;N;0;N;0;N;0;N;0;N;0;N;0;N;0;N;0;N;0;N
28;079;56;6;28079056_6_48;2024;12;05;0.7;V;0.4;V;0.3;V;0.3;V;0.3;V;0.3;V;0.4;V;0.6;V;0.7;V;0.5;V;0.5;V;0.5;V;0;N;0;N;0;N;0;N;0;N;0;N;0;N;0;N;0;N;0;N;0;N;0;N
28;079;56;7;28079056_7_8;2024;12;05;104;V;22;V;16;V;27;V;26;V;20;V;47;V;137;V;157;V;64;V;57;V;105;N;0;N;0;N;0;N;0;N;0;N;0;N;0;N;0;N;0;N;0;N;0;N;0;N
28;079;56;8;28079056_8_8;2024;12;05;78;V;58;V;48;V;60;V;52;V;49;V;53;V;78;V;83;V;53;V;58;V;79;N;0;N;0;N;0;N;0;N;0;N;0;N;0;N;0;N;0;N;0;N;0;N;0;N
28;079;56;9;28079056_9_47;2024;12;05;13;V;11;V;7;V;6;V;9;V;11;V;12;V;11;V;16;V;20;V;8;V;13;V;0;N;0;N;0;N;0;N;0;N;0;N;0;N;0;N;0;N;0;N;0;N;0;N
28;079;56;10;28079056_10_47;2024;12;05;16;V;14;V;9;V;8;V;12;V;12;V;13;V;13;V;19;V;23;V;10;V;17;V;0;N;0;N;0;N;0;N;0;N;0;N;0;N;0;N;0;N;0;N;0;N;0;N
28;079;56;12;28079056_12_8;2024;12;05;237;V;91;V;72;V;100;V;92;V;80;V;125;V;289;V;323;V;151;V;145;V;241;N;0;N;0;N;0;N;0;N;0;N;0;N;0;N;0;N;0;N;0;N;0;N;0;N
28;079;57;7;28079057_7_8;2024;12;05;2;V;9;V;10;V;1;V;1;V;1;V;1;V;12;V;35;V;30;V;24;V;25;V;0;N;0;N;0;N;0;N;0;N;0;N;0;N;0;N;0;N;0;N;0;N;0;N
28;079;57;8;28079057_8_8;2024;12;05;47;V;57;V;50;V;33;V;30;V;25;V;29;V;33;V;53;V;46;V;42;V;38;V;0;N;0;N;0;N;0;N;0;N;0;N;0;N;0;N;0;N;0;N;0;N;0;N
28;079;57;9;28079057_9_47;2024;12;05;7;V;16;V;18;V;15;V;17;V;11;V;9;V;11;V;10;V;14;V;7;V;3;V;0;N;0;N;0;N;0;N;0;N;0;N;0;N;0;N;0;N;0;N;0;N;0;N
28;079;57;10;28079057_10_47;2024;12;05;10;V;19;V;24;V;18;V;19;V;14;V;12;V;13;V;14;V;19;V;10;V;6;V;0;N;0;N;0;N;0;N;0;N;0;N;0;N;0;N;0;N;0;N;0;N;0;N
28;079;57;12;28079057_12_8;2024;12;05;50;V;72;V;66;V;35;V;32;V;27;V;30;V;51;V;107;V;93;V;78;V;77;V;0;N;0;N;0;N;0;N;0;N;0;N;0;N;0;N;0;N;0;N;0;N;0;N
28;079;58;7;28079058_7_8;2024;12;05;1;V;1;V;1;V;1;V;1;V;1;V;5;V;15;V;15;V;23;V;8;V;0;N;0;N;0;N;0;N;0;N;0;N;0;N;0;N;0;N;0;N;0;N;0;N;0;N
28;079;58;8;28079058_8_8;2024;12;05;8;V;8;V;11;V;8;V;8;V;8;V;14;V;19;V;17;V;18;V;16;V;0;N;0;N;0;N;0;N;0;N;0;N;0;N;0;N;0;N;0;N;0;N;0;N;0;N
28;079;58;12;28079058_12_8;2024;12;05;10;V;10;V;12;V;10;V;9;V;9;V;22;V;41;V;41;V;53;V;29;V;0;N;0;N;0;N;0;N;0;N;0;N;0;N;0;N;0;N;0;N;0;N;0;N;0;N
28;079;58;14;28079058_14_6;2024;12;05;10;V;10;V;16;V;17;V;15;V;15;V;7;V;4;V;4;V;4;V;22;V;0;N;0;N;0;N;0;N;0;N;0;N;0;N;0;N;0;N;0;N;0;N;0;N;0;N
28;079;59;7;28079059_7_8;2024;12;05;38;V;39;V;31;V;3;V;1;V;1;V;11;V;8;V;86;V;58;V;35;V;35;V;0;N;0;N;0;N;0;N;0;N;0;N;0;N;0;N;0;N;0;N;0;N;0;N
28;079;59;8;28079059_8_8;2024;12;05;65;V;59;V;51;V;33;V;19;V;31;V;41;V;40;V;77;V;53;V;51;V;50;V;0;N;0;N;0;N;0;N;0;N;0;N;0;N;0;N;0;N;0;N;0;N;0;N
28;079;59;12;28079059_12_8;2024;12;05;123;V;118;V;99;V;37;V;21;V;32;V;57;V;52;V;208;V;142;V;105;V;104;V;0;N;0;N;0;N;0;N;0;N;0;N;0;N;0;N;0;N;0;N;0;N;0;N
28;079;59;14;28079059_14_6;2024;12;05;4;V;4;V;5;V;15;V;22;V;13;V;5;V;4;V;5;V;9;V;16;V;25;V;0;N;0;N;0;N;0;N;0;N;0;N;0;N;0;N;0;N;0;N;0;N;0;N
28;079;60;7;28079060_7_8;2024;12;05;1;V;4;V;5;V;1;V;1;V;1;V;1;V;11;V;40;N;0;N;30;V;37;V;0;N;0;N;0;N;0;N;0;N;0;N;0;N;0;N;0;N;0;N;0;N;0;N
28;079;60;8;28079060_8_8;2024;12;05;27;V;46;V;43;V;29;V;27;V;23;V;25;V;47;V;54;N;0;N;46;V;47;V;0;N;0;N;0;N;0;N;0;N;0;N;0;N;0;N;0;N;0;N;0;N;0;N
28;079;60;10;28079060_10_47;2024;12;05;8;V;11;V;8;V;6;V;6;V;7;V;5;V;9;V;18;N;26;N;15;V;17;V;0;N;0;N;0;N;0;N;0;N;0;N;0;N;0;N;0;N;0;N;0;N;0;N
28;079;60;12;28079060_12_8;2024;12;05;28;V;53;V;50;V;30;V;29;V;24;V;27;V;64;V;115;N;0;N;92;V;103;V;0;N;0;N;0;N;0;N;0;N;0;N;0;N;0;N;0;N;0;N;0;N;0;N
28;079;60;14;28079060_14_6;2024;12;05;29;V;9;V;21;V;25;V;22;V;28;V;25;V;7;V;11;N;8;N;14;V;19;V;0;N;0;N;0;N;0;N;0;N;0;N;0;N;0;N;0;N;0;N;0;N;0;N
